depth_m,AC,DC
0.015,1.48E-08,5.12E-06
0.025,1.47E-08,5.18E-06
0.035,1.46E-08,5.63E-06
0.045,1.43E-08,5.80E-06
0.055,1.39E-08,5.92E-06
0.065,1.36E-08,5.71E-06
0.075,1.33E-08,5.32E-06
0.085,1.32E-08,5.07E-06
0.095,1.34E-08,4.90E-06
0.105,1.36E-08,4.65E-06
0.115,1.33E-08,4.56E-06
0.125,1.35E-08,4.72E-06
0.135,1.35E-08,4.71E-06
0.145,1.37E-08,4.86E-06
0.155,1.37E-08,4.95E-06
0.165,1.40E-08,4.97E-06
0.175,1.42E-08,5.08E-06
0.185,1.43E-08,5.05E-06
0.195,1.42E-08,5.17E-06
0.205,1.41E-08,5.38E-06
0.215,1.38E-08,5.47E-06
0.225,1.36E-08,5.39E-06
0.235,1.36E-08,5.23E-06
0.245,1.37E-08,5.06E-06
0.255,1.36E-08,4.80E-06
0.265,1.33E-08,4.60E-06
0.275,1.34E-08,4.87E-06
0.285,1.37E-08,4.93E-06
0.295,1.40E-08,4.67E-06
0.305,1.43E-08,4.76E-06
0.315,1.46E-08,5.10E-06
0.325,1.52E-08,5.24E-06
0.335,1.54E-08,5.55E-06
0.345,1.58E-08,5.77E-06
0.355,1.60E-08,6.15E-06
0.365,1.62E-08,6.16E-06
0.375,1.66E-08,6.07E-06
0.385,1.63E-08,6.01E-06
0.395,1.62E-08,6.36E-06
0.405,1.62E-08,5.81E-06
0.415,1.62E-08,5.08E-06
0.425,1.60E-08,5.05E-06
0.435,1.59E-08,5.03E-06
0.445,1.60E-08,4.87E-06
0.455,1.60E-08,4.89E-06
0.465,1.63E-08,4.85E-06
0.475,1.66E-08,4.99E-06
0.485,1.69E-08,5.04E-06
0.495,1.70E-08,5.18E-06
0.505,1.70E-08,5.45E-06
0.515,1.67E-08,5.53E-06
0.525,1.68E-08,5.46E-06
0.535,1.67E-08,5.29E-06
0.545,1.64E-08,5.05E-06
0.555,1.64E-08,5.09E-06
0.565,1.63E-08,5.10E-06
0.575,1.66E-08,5.06E-06
0.585,1.70E-08,4.82E-06
0.595,1.74E-08,4.73E-06
0.605,1.79E-08,5.26E-06
0.615,1.82E-08,5.56E-06
0.625,1.84E-08,5.97E-06
0.635,1.85E-08,6.42E-06
0.645,1.85E-08,6.46E-06
0.655,1.82E-08,6.55E-06
0.665,1.78E-08,6.49E-06
0.675,1.74E-08,6.22E-06
0.685,1.73E-08,5.75E-06
0.695,1.72E-08,5.59E-06
0.705,1.75E-08,5.64E-06
0.715,1.76E-08,5.49E-06
0.725,1.24E-08,5.79E-06
0.735,2.76E-09,5.71E-06
0.745,-2.85E-10,4.78E-06
0.755,,
0.765,,
0.775,,
0.785,,
0.795,,
0.805,1.77E-08,7.08E-06
0.815,1.66E-08,6.25E-06
0.825,1.61E-08,6.26E-06
0.835,1.55E-08,6.19E-06
0.845,1.53E-08,6.06E-06
0.855,1.48E-08,5.87E-06
0.865,1.45E-08,5.71E-06
0.875,1.45E-08,5.70E-06
0.885,1.42E-08,5.64E-06
0.895,1.41E-08,5.45E-06
0.905,1.38E-08,5.40E-06
0.915,1.35E-08,5.25E-06
0.925,1.36E-08,5.25E-06
0.935,1.35E-08,5.19E-06
0.945,1.35E-08,5.05E-06
0.955,1.32E-08,5.11E-06
0.965,1.31E-08,5.02E-06
0.975,1.32E-08,4.95E-06
0.985,1.31E-08,5.06E-06
0.995,1.31E-08,4.99E-06
1.005,1.28E-08,4.79E-06
1.015,1.26E-08,4.69E-06
1.025,1.24E-08,4.63E-06
1.035,1.24E-08,4.51E-06
1.045,1.25E-08,4.43E-06
1.055,1.24E-08,4.30E-06
1.065,1.24E-08,4.41E-06
1.075,1.24E-08,4.45E-06
1.085,1.24E-08,4.25E-06
1.095,1.25E-08,4.19E-06
1.105,1.25E-08,4.42E-06
1.115,1.27E-08,4.53E-06
1.125,1.27E-08,4.48E-06
1.135,1.31E-08,4.61E-06
1.145,1.33E-08,4.76E-06
1.155,1.32E-08,4.73E-06
1.165,1.34E-08,4.82E-06
1.175,1.36E-08,4.92E-06
1.185,1.38E-08,5.04E-06
1.195,1.36E-08,5.06E-06
1.205,1.35E-08,5.00E-06
1.215,1.34E-08,4.94E-06
1.225,1.32E-08,4.86E-06
1.235,1.30E-08,4.74E-06
1.245,1.28E-08,4.79E-06
1.255,1.25E-08,4.49E-06
1.265,1.24E-08,4.33E-06
1.275,1.21E-08,4.15E-06
1.285,1.16E-08,3.81E-06
1.295,1.14E-08,3.54E-06
1.305,1.13E-08,3.27E-06
1.315,1.11E-08,3.09E-06
1.325,1.09E-08,2.74E-06
1.335,1.08E-08,2.63E-06
1.345,1.03E-08,2.40E-06
1.355,1.00E-08,2.21E-06
1.365,9.84E-09,2.16E-06
1.375,9.60E-09,2.23E-06
1.385,9.37E-09,2.11E-06
1.395,9.22E-09,2.01E-06
1.405,9.15E-09,1.89E-06
1.415,9.07E-09,1.81E-06
1.425,8.98E-09,1.66E-06
1.435,8.96E-09,1.55E-06
1.445,9.00E-09,1.48E-06
1.455,9.01E-09,1.39E-06
1.465,8.96E-09,1.27E-06
1.475,8.86E-09,1.15E-06
1.485,8.80E-09,1.08E-06
1.495,8.79E-09,1.04E-06
1.505,8.82E-09,1.04E-06
1.515,8.79E-09,1.03E-06
1.525,8.75E-09,9.97E-07
1.535,8.63E-09,1.03E-06
1.545,8.48E-09,1.05E-06
1.555,8.30E-09,1.00E-06
1.565,8.16E-09,9.71E-07
1.575,8.27E-09,9.82E-07
1.585,8.57E-09,1.01E-06
1.595,8.65E-09,9.62E-07
1.605,8.76E-09,8.73E-07
1.615,8.72E-09,7.99E-07
1.625,8.78E-09,7.59E-07
1.635,8.80E-09,7.29E-07
1.645,8.84E-09,6.90E-07
1.655,8.89E-09,6.29E-07
1.665,9.09E-09,6.21E-07
1.675,9.27E-09,5.87E-07
1.685,9.17E-09,5.65E-07
1.695,9.16E-09,5.23E-07
1.705,9.20E-09,4.42E-07
1.715,9.20E-09,4.45E-07
1.725,9.13E-09,4.70E-07
1.735,9.12E-09,4.49E-07
1.745,9.14E-09,4.15E-07
1.755,9.22E-09,4.36E-07
1.765,9.45E-09,4.37E-07
1.775,9.53E-09,4.33E-07
1.785,9.36E-09,3.99E-07
1.795,9.83E-09,3.43E-07
1.805,1.03E-08,3.29E-07
1.815,1.04E-08,3.02E-07
1.825,1.04E-08,3.48E-07
1.835,,
1.845,,
1.855,,
1.865,,
1.875,,
1.885,,
1.895,,
1.905,,
1.915,,
1.925,,
1.935,,
1.945,,
1.955,,
1.965,,
1.975,,
1.985,,
1.995,,
2.005,,
2.015,,
2.025,,
2.035,,
2.045,,
2.055,,
2.065,,
2.075,,
2.085,,
2.095,,
2.105,,
2.115,,
2.125,,
2.135,,
2.145,,
2.155,,
2.165,,
2.175,,
2.185,,
2.195,,
2.205,,
2.215,,
2.225,,
2.235,,
2.245,,
2.255,,
2.265,,
2.275,,
2.285,,
2.295,,
2.305,,
2.315,,
2.325,,
2.335,,
2.345,,
2.355,,
2.365,,
2.375,,
2.385,,
2.395,,
2.405,,
2.415,,
2.425,,
2.435,,
2.445,,
2.455,,
2.465,,
2.475,,
2.485,,
2.495,,
2.505,,
2.515,,
2.525,,
2.535,,
2.545,,
2.555,,
2.565,,
2.575,,
2.585,,
2.595,,
2.605,9.94E-09,7.86E-07
2.615,9.74E-09,8.53E-07
2.625,9.54E-09,9.44E-07
2.635,9.07E-09,9.29E-07
2.645,9.04E-09,9.21E-07
2.655,9.08E-09,9.73E-07
2.665,9.03E-09,1.04E-06
2.675,9.06E-09,1.09E-06
2.685,9.01E-09,1.23E-06
2.695,9.01E-09,1.21E-06
2.705,8.97E-09,1.16E-06
2.715,8.99E-09,1.14E-06
2.725,9.12E-09,1.15E-06
2.735,9.27E-09,1.25E-06
2.745,9.58E-09,1.52E-06
2.755,9.85E-09,2.18E-06
2.765,1.03E-08,2.71E-06
2.775,1.06E-08,3.04E-06
2.785,1.10E-08,3.34E-06
2.795,1.13E-08,3.52E-06
2.805,1.17E-08,3.82E-06
2.815,1.17E-08,3.96E-06
2.825,1.19E-08,4.05E-06
2.835,1.23E-08,4.27E-06
2.845,1.27E-08,4.54E-06
2.855,1.31E-08,4.84E-06
2.865,1.33E-08,5.06E-06
2.875,1.36E-08,5.23E-06
2.885,1.38E-08,5.42E-06
2.895,1.40E-08,5.57E-06
2.905,1.41E-08,5.55E-06
2.915,1.40E-08,5.46E-06
2.925,1.40E-08,5.55E-06
2.935,1.40E-08,5.61E-06
2.945,1.38E-08,5.46E-06
2.955,1.35E-08,5.30E-06
2.965,1.31E-08,4.99E-06
2.975,1.28E-08,4.77E-06
2.985,1.26E-08,4.56E-06
2.995,1.27E-08,4.55E-06
3.005,1.26E-08,4.46E-06
3.015,1.25E-08,4.42E-06
3.025,1.25E-08,4.49E-06
3.035,1.26E-08,4.55E-06
3.045,1.26E-08,4.62E-06
3.055,1.24E-08,4.64E-06
3.065,1.21E-08,4.54E-06
3.075,1.21E-08,4.51E-06
3.085,1.18E-08,4.37E-06
3.095,1.15E-08,4.24E-06
3.105,1.11E-08,4.08E-06
3.115,1.09E-08,3.94E-06
3.125,1.07E-08,3.85E-06
3.135,1.05E-08,3.70E-06
3.145,1.04E-08,3.62E-06
3.155,1.03E-08,3.61E-06
3.165,1.04E-08,3.62E-06
3.175,1.05E-08,3.70E-06
3.185,1.05E-08,3.73E-06
3.195,1.07E-08,3.78E-06
3.205,1.07E-08,3.80E-06
3.215,1.10E-08,3.96E-06
3.225,1.15E-08,4.02E-06
3.235,1.19E-08,4.08E-06
3.245,1.21E-08,4.18E-06
3.255,1.21E-08,4.44E-06
3.265,,
3.275,,
3.285,,
3.295,1.35E-08,3.48E-06
3.305,1.29E-08,3.49E-06
3.315,1.27E-08,3.54E-06
3.325,1.25E-08,3.62E-06
3.335,1.27E-08,4.39E-06
3.345,1.26E-08,4.51E-06
3.355,1.25E-08,4.47E-06
3.365,1.24E-08,4.45E-06
3.375,1.22E-08,4.41E-06
3.385,1.21E-08,4.34E-06
3.395,1.21E-08,4.39E-06
3.405,1.23E-08,4.56E-06
3.415,1.23E-08,4.60E-06
3.425,1.22E-08,4.68E-06
3.435,1.22E-08,4.74E-06
3.445,1.23E-08,4.72E-06
3.455,1.24E-08,4.78E-06
3.465,1.26E-08,4.87E-06
3.475,1.26E-08,4.85E-06
3.485,1.25E-08,4.76E-06
3.495,1.25E-08,4.91E-06
3.505,1.24E-08,4.80E-06
3.515,1.24E-08,4.80E-06
3.525,1.24E-08,4.86E-06
3.535,1.24E-08,4.69E-06
3.545,1.25E-08,4.77E-06
3.555,1.27E-08,4.81E-06
3.565,1.30E-08,5.01E-06
3.575,1.31E-08,4.96E-06
3.585,1.30E-08,4.93E-06
3.595,1.31E-08,5.05E-06
3.605,1.31E-08,5.12E-06
3.615,1.31E-08,5.12E-06
3.625,1.31E-08,5.08E-06
3.635,1.29E-08,4.98E-06
3.645,1.27E-08,4.85E-06
3.655,1.24E-08,4.67E-06
3.665,1.25E-08,4.70E-06
3.675,1.26E-08,4.78E-06
3.685,1.27E-08,4.92E-06
3.695,1.30E-08,4.97E-06
3.705,1.31E-08,4.93E-06
3.715,1.32E-08,4.94E-06
3.725,1.32E-08,4.95E-06
3.735,1.33E-08,5.06E-06
3.745,1.34E-08,5.08E-06
3.755,1.34E-08,5.20E-06
3.765,1.34E-08,5.23E-06
3.775,1.33E-08,5.25E-06
3.785,1.33E-08,5.23E-06
3.795,1.31E-08,5.06E-06
3.805,1.29E-08,4.98E-06
3.815,1.28E-08,5.06E-06
3.825,1.28E-08,5.03E-06
3.835,1.26E-08,4.91E-06
3.845,1.24E-08,4.82E-06
3.855,1.23E-08,4.71E-06
3.865,1.21E-08,4.61E-06
3.875,1.19E-08,4.51E-06
3.885,1.21E-08,4.63E-06
3.895,1.21E-08,4.63E-06
3.905,1.23E-08,4.70E-06
3.915,1.27E-08,4.80E-06
3.925,1.32E-08,5.06E-06
3.935,1.38E-08,5.38E-06
3.945,1.44E-08,5.67E-06
3.955,1.48E-08,5.77E-06
3.965,1.52E-08,5.99E-06
3.975,1.56E-08,6.11E-06
3.985,1.60E-08,6.31E-06
3.995,1.64E-08,6.64E-06
4.005,1.64E-08,6.47E-06
4.015,1.65E-08,6.54E-06
4.025,1.62E-08,6.59E-06
4.035,1.61E-08,6.66E-06
4.045,1.59E-08,6.47E-06
4.055,1.56E-08,6.39E-06
4.065,1.54E-08,6.34E-06
4.075,1.53E-08,6.33E-06
4.085,1.51E-08,6.16E-06
4.095,1.50E-08,6.10E-06
4.105,1.48E-08,6.06E-06
4.115,1.47E-08,5.92E-06
4.125,1.46E-08,6.02E-06
4.135,1.43E-08,5.79E-06
4.145,1.41E-08,5.61E-06
4.155,1.40E-08,5.51E-06
4.165,1.38E-08,5.56E-06
4.175,1.33E-08,5.27E-06
4.185,1.30E-08,5.10E-06
4.195,1.25E-08,4.96E-06
4.205,1.22E-08,4.77E-06
4.215,1.18E-08,4.56E-06
4.225,1.13E-08,4.29E-06
4.235,1.10E-08,4.04E-06
4.245,1.03E-08,3.61E-06
4.255,9.79E-09,3.18E-06
4.265,9.30E-09,2.71E-06
4.275,8.87E-09,2.23E-06
4.285,8.61E-09,1.89E-06
4.295,8.67E-09,1.74E-06
4.305,8.84E-09,1.88E-06
4.315,8.96E-09,2.13E-06
4.325,9.03E-09,2.33E-06
4.335,9.25E-09,2.49E-06
4.345,9.34E-09,2.54E-06
4.355,9.55E-09,2.47E-06
4.365,9.62E-09,1.88E-06
4.375,9.90E-09,1.58E-06
4.385,,1.50E-06
4.395,,
4.405,,
4.415,,
4.425,,
4.435,,
4.445,,
4.455,,
4.465,,
4.475,,
4.485,,
4.495,,
4.505,,
4.515,,
4.525,,
4.535,,
4.545,,
4.555,,
4.565,,
4.575,,
4.585,,
4.595,,
4.605,,
4.615,,
4.625,,
4.635,,
4.645,,
4.655,,
4.665,,
4.675,1.71E-08,6.09E-06
4.685,1.68E-08,6.70E-06
4.695,1.61E-08,6.84E-06
4.705,1.51E-08,6.62E-06
4.715,1.41E-08,6.03E-06
4.725,1.29E-08,5.24E-06
4.735,1.17E-08,4.41E-06
4.745,1.09E-08,3.73E-06
4.755,1.09E-08,3.55E-06
4.765,1.09E-08,3.62E-06
4.775,1.09E-08,3.83E-06
4.785,1.10E-08,3.89E-06
4.795,1.11E-08,3.81E-06
4.805,1.11E-08,3.77E-06
4.815,1.11E-08,3.97E-06
4.825,1.12E-08,4.15E-06
4.835,1.12E-08,4.26E-06
4.845,1.12E-08,4.37E-06
4.855,1.11E-08,4.23E-06
4.865,1.06E-08,3.97E-06
4.875,1.05E-08,3.64E-06
4.885,1.02E-08,3.20E-06
4.895,1.00E-08,2.99E-06
4.905,9.85E-09,2.83E-06
4.915,9.73E-09,2.73E-06
4.925,9.65E-09,2.79E-06
4.935,9.62E-09,2.93E-06
4.945,9.62E-09,2.92E-06
4.955,9.70E-09,3.03E-06
4.965,9.78E-09,3.08E-06
4.975,1.00E-08,3.36E-06
4.985,1.02E-08,3.61E-06
4.995,1.06E-08,3.98E-06
5.005,1.10E-08,4.40E-06
5.015,1.15E-08,4.83E-06
5.025,1.18E-08,5.12E-06
5.035,1.22E-08,5.31E-06
5.045,1.24E-08,5.50E-06
5.055,1.23E-08,5.64E-06
5.065,1.21E-08,5.60E-06
5.075,1.21E-08,5.67E-06
5.085,1.22E-08,5.68E-06
5.095,1.25E-08,5.79E-06
5.105,1.26E-08,5.89E-06
5.115,1.29E-08,6.08E-06
5.125,1.32E-08,6.20E-06
5.135,1.33E-08,6.20E-06
5.145,1.32E-08,6.17E-06
5.155,1.31E-08,6.13E-06
5.165,1.29E-08,5.94E-06
5.175,1.30E-08,5.90E-06
5.185,1.27E-08,5.80E-06
5.195,1.25E-08,5.58E-06
5.205,1.22E-08,5.35E-06
5.215,1.18E-08,5.04E-06
5.225,1.13E-08,4.52E-06
5.235,1.10E-08,4.12E-06
5.245,1.09E-08,3.90E-06
5.255,1.07E-08,3.77E-06
5.265,1.07E-08,3.71E-06
5.275,1.05E-08,3.57E-06
5.285,1.04E-08,3.39E-06
5.295,1.02E-08,3.17E-06
5.305,1.01E-08,3.04E-06
5.315,1.02E-08,3.23E-06
5.325,1.04E-08,3.60E-06
5.335,1.08E-08,4.07E-06
5.345,1.11E-08,4.48E-06
5.355,1.12E-08,4.68E-06
5.365,1.12E-08,4.65E-06
5.375,1.10E-08,4.61E-06
5.385,1.07E-08,4.41E-06
5.395,1.05E-08,4.20E-06
5.405,1.05E-08,4.18E-06
5.415,1.09E-08,4.32E-06
5.425,1.18E-08,4.66E-06
5.435,1.27E-08,5.13E-06
5.445,1.33E-08,5.63E-06
5.455,1.37E-08,5.79E-06
5.465,1.39E-08,5.79E-06
5.475,1.40E-08,5.71E-06
5.485,1.40E-08,5.79E-06
5.495,1.39E-08,5.78E-06
5.505,1.38E-08,5.78E-06
5.515,1.36E-08,5.68E-06
5.525,1.32E-08,5.54E-06
5.535,1.31E-08,5.66E-06
5.545,1.28E-08,5.41E-06
5.555,1.27E-08,5.32E-06
5.565,1.27E-08,5.51E-06
5.575,1.27E-08,5.36E-06
5.585,1.27E-08,5.01E-06
5.595,1.25E-08,4.76E-06
5.605,1.23E-08,4.22E-06
5.615,1.24E-08,3.80E-06
5.625,1.28E-08,3.41E-06
5.635,1.37E-08,3.15E-06
5.645,,
5.655,,
5.665,,
5.675,,
5.685,,
5.695,,
5.705,,
5.715,,
5.725,,
5.735,1.34E-08,4.50E-06
5.745,1.33E-08,4.48E-06
5.755,1.31E-08,4.41E-06
5.765,1.29E-08,4.46E-06
5.775,1.28E-08,4.59E-06
5.785,1.27E-08,4.73E-06
5.795,1.29E-08,5.04E-06
5.805,1.28E-08,5.22E-06
5.815,1.29E-08,5.45E-06
5.825,1.30E-08,5.58E-06
5.835,1.30E-08,5.45E-06
5.845,1.29E-08,5.38E-06
5.855,1.30E-08,5.15E-06
5.865,1.29E-08,4.77E-06
5.875,1.29E-08,4.44E-06
5.885,1.30E-08,4.31E-06
5.895,1.30E-08,4.42E-06
5.905,1.29E-08,4.62E-06
5.915,1.28E-08,4.87E-06
5.925,1.29E-08,5.21E-06
5.935,1.29E-08,5.44E-06
5.945,1.29E-08,5.59E-06
5.955,1.29E-08,5.95E-06
5.965,1.30E-08,6.51E-06
5.975,1.34E-08,7.21E-06
5.985,1.39E-08,7.73E-06
5.995,1.45E-08,8.37E-06
6.005,1.52E-08,8.70E-06
6.015,1.56E-08,8.70E-06
6.025,1.54E-08,8.61E-06
6.035,1.50E-08,8.30E-06
6.045,1.39E-08,7.85E-06
6.055,1.32E-08,7.46E-06
6.065,1.27E-08,7.37E-06
6.075,1.29E-08,7.70E-06
6.085,1.42E-08,8.35E-06
6.095,1.60E-08,9.14E-06
6.105,1.82E-08,9.92E-06
6.115,2.00E-08,1.07E-05
6.125,2.09E-08,1.14E-05
6.135,2.11E-08,1.16E-05
6.145,2.09E-08,1.15E-05
6.155,2.08E-08,1.17E-05
6.165,2.08E-08,1.17E-05
6.175,2.09E-08,1.17E-05
6.185,2.10E-08,1.17E-05
6.195,2.08E-08,1.15E-05
6.205,2.08E-08,1.15E-05
6.215,2.07E-08,1.15E-05
6.225,2.04E-08,1.12E-05
6.235,2.01E-08,1.10E-05
6.245,2.02E-08,1.10E-05
6.255,2.00E-08,1.09E-05
6.265,2.00E-08,1.09E-05
6.275,1.99E-08,1.10E-05
6.285,2.02E-08,1.12E-05
6.295,2.01E-08,1.13E-05
6.305,2.02E-08,1.13E-05
6.315,2.00E-08,1.14E-05
6.325,1.98E-08,1.14E-05
6.335,1.99E-08,1.13E-05
6.345,2.00E-08,1.14E-05
6.355,2.00E-08,1.15E-05
6.365,2.00E-08,1.14E-05
6.375,2.00E-08,1.15E-05
6.385,1.99E-08,1.13E-05
6.395,1.98E-08,1.10E-05
6.405,1.96E-08,1.11E-05
6.415,1.97E-08,1.12E-05
6.425,1.95E-08,1.10E-05
6.435,1.94E-08,1.07E-05
6.445,1.93E-08,1.07E-05
6.455,1.92E-08,1.07E-05
6.465,1.90E-08,1.08E-05
6.475,1.90E-08,1.05E-05
6.485,1.91E-08,1.03E-05
6.495,1.90E-08,1.02E-05
6.505,1.88E-08,1.00E-05
6.515,1.90E-08,9.82E-06
6.525,1.94E-08,9.55E-06
6.535,1.99E-08,9.56E-06
6.545,2.05E-08,9.43E-06
6.555,2.11E-08,9.33E-06
6.565,2.16E-08,9.30E-06
6.575,2.19E-08,9.27E-06
6.585,,
6.595,1.88E-08,4.79E-06
6.605,1.82E-08,4.48E-06
6.615,1.78E-08,4.23E-06
6.625,1.80E-08,4.56E-06
6.635,1.88E-08,5.28E-06
6.645,1.97E-08,6.68E-06
6.655,1.99E-08,6.98E-06
6.665,1.99E-08,6.86E-06
6.675,1.84E-08,5.92E-06
6.685,1.55E-08,4.65E-06
6.695,1.27E-08,4.12E-06
6.705,1.20E-08,4.24E-06
6.715,1.34E-08,4.92E-06
6.725,1.56E-08,5.86E-06
6.735,1.71E-08,6.63E-06
6.745,1.79E-08,7.38E-06
6.755,1.85E-08,7.61E-06
6.765,1.95E-08,7.72E-06
6.775,2.12E-08,8.39E-06
6.785,2.11E-08,8.44E-06
6.795,1.99E-08,8.13E-06
6.805,1.94E-08,7.98E-06
6.815,1.92E-08,8.11E-06
6.825,1.90E-08,8.04E-06
6.835,1.83E-08,8.00E-06
6.845,1.80E-08,7.67E-06
6.855,1.79E-08,7.62E-06
6.865,1.77E-08,7.64E-06
6.875,1.78E-08,7.60E-06
6.885,1.78E-08,7.49E-06
6.895,1.80E-08,7.55E-06
6.905,1.81E-08,7.62E-06
6.915,1.82E-08,7.83E-06
6.925,1.84E-08,7.81E-06
6.935,1.85E-08,7.78E-06
6.945,1.83E-08,7.81E-06
6.955,1.79E-08,7.78E-06
6.965,1.78E-08,7.76E-06
6.975,1.78E-08,7.73E-06
6.985,1.77E-08,7.72E-06
6.995,1.75E-08,7.43E-06
7.005,1.76E-08,7.56E-06
7.015,1.74E-08,7.56E-06
7.025,1.78E-08,7.73E-06
7.035,1.83E-08,7.89E-06
7.045,1.84E-08,7.82E-06
7.055,1.79E-08,7.79E-06
7.065,1.73E-08,7.63E-06
7.075,1.74E-08,7.52E-06
7.085,1.80E-08,7.66E-06
7.095,1.85E-08,7.63E-06
7.105,1.85E-08,7.73E-06
7.115,1.71E-08,7.41E-06
7.125,1.58E-08,7.21E-06
7.135,1.53E-08,7.30E-06
7.145,1.60E-08,7.36E-06
7.155,1.68E-08,7.46E-06
7.165,1.72E-08,7.42E-06
7.175,1.71E-08,7.58E-06
7.185,1.68E-08,7.55E-06
7.195,1.62E-08,7.29E-06
7.205,1.58E-08,7.14E-06
7.215,1.56E-08,7.07E-06
7.225,1.55E-08,7.01E-06
7.235,1.55E-08,7.03E-06
7.245,1.53E-08,6.81E-06
7.255,1.51E-08,6.76E-06
7.265,1.49E-08,6.73E-06
7.275,1.46E-08,6.77E-06
7.285,1.50E-08,6.95E-06
7.295,1.62E-08,7.31E-06
7.305,1.78E-08,7.80E-06
7.315,1.92E-08,8.17E-06
7.325,1.98E-08,8.36E-06
7.335,2.00E-08,8.55E-06
7.345,2.02E-08,8.72E-06
7.355,2.07E-08,8.88E-06
7.365,2.06E-08,8.85E-06
7.375,2.04E-08,8.95E-06
7.385,2.05E-08,8.80E-06
7.395,2.07E-08,9.07E-06
7.405,2.10E-08,9.12E-06
7.415,2.12E-08,9.16E-06
7.425,2.11E-08,9.23E-06
7.435,2.15E-08,9.40E-06
7.445,2.21E-08,9.71E-06
7.455,2.15E-08,9.43E-06
7.465,2.11E-08,9.34E-06
7.475,2.10E-08,9.28E-06
7.485,2.13E-08,9.40E-06
7.495,2.14E-08,9.27E-06
7.505,2.13E-08,9.26E-06
7.515,2.12E-08,9.10E-06
7.525,2.14E-08,8.94E-06
7.535,2.18E-08,8.92E-06
7.545,2.21E-08,8.57E-06
7.555,2.24E-08,8.23E-06
7.565,,
7.575,2.22E-08,9.62E-06
7.585,2.21E-08,9.35E-06
7.595,2.24E-08,9.57E-06
7.605,2.26E-08,9.87E-06
7.615,2.23E-08,9.89E-06
7.625,2.22E-08,9.88E-06
7.635,2.21E-08,9.66E-06
7.645,2.22E-08,9.63E-06
7.655,2.17E-08,9.33E-06
7.665,2.20E-08,9.20E-06
7.675,2.30E-08,9.50E-06
7.685,2.35E-08,9.33E-06
7.695,2.37E-08,9.47E-06
7.705,2.39E-08,9.79E-06
7.715,2.42E-08,1.01E-05
7.725,2.40E-08,9.92E-06
7.735,2.41E-08,1.02E-05
7.745,2.42E-08,1.02E-05
7.755,2.43E-08,1.01E-05
7.765,2.38E-08,1.01E-05
7.775,2.35E-08,9.94E-06
7.785,2.30E-08,9.99E-06
7.795,2.23E-08,9.90E-06
7.805,2.15E-08,9.66E-06
7.815,2.08E-08,9.34E-06
7.825,2.04E-08,8.90E-06
7.835,2.00E-08,9.01E-06
7.845,1.98E-08,8.98E-06
7.855,1.95E-08,9.21E-06
7.865,1.92E-08,9.23E-06
7.875,1.92E-08,9.18E-06
7.885,1.90E-08,8.92E-06
7.895,1.82E-08,8.26E-06
7.905,1.78E-08,7.87E-06
7.915,1.74E-08,7.79E-06
7.925,1.67E-08,7.46E-06
7.935,1.58E-08,7.08E-06
7.945,1.44E-08,6.44E-06
7.955,1.32E-08,5.99E-06
7.965,1.22E-08,5.34E-06
7.975,1.17E-08,4.90E-06
7.985,1.14E-08,4.72E-06
7.995,1.13E-08,4.66E-06
8.005,1.12E-08,4.63E-06
8.015,1.12E-08,4.58E-06
8.025,1.13E-08,4.76E-06
8.035,1.15E-08,4.91E-06
8.045,1.14E-08,4.85E-06
8.055,1.14E-08,4.77E-06
8.065,1.14E-08,4.64E-06
8.075,1.10E-08,4.37E-06
8.085,1.09E-08,4.13E-06
8.095,1.08E-08,4.07E-06
8.105,1.08E-08,4.11E-06
8.115,1.09E-08,4.30E-06
8.125,1.13E-08,4.59E-06
8.135,1.15E-08,4.87E-06
8.145,1.19E-08,5.24E-06
8.155,1.24E-08,5.55E-06
8.165,1.24E-08,5.42E-06
8.175,1.22E-08,5.18E-06
8.185,1.22E-08,5.09E-06
8.195,1.21E-08,5.03E-06
8.205,1.21E-08,5.03E-06
8.215,1.22E-08,5.05E-06
8.225,1.24E-08,5.14E-06
8.235,1.24E-08,5.14E-06
8.245,1.27E-08,5.19E-06
8.255,1.29E-08,5.07E-06
8.265,1.33E-08,5.07E-06
8.275,1.40E-08,5.07E-06
8.285,1.46E-08,5.22E-06
8.295,,
8.305,,
8.315,,
8.325,,
8.335,,
8.345,,
8.355,,
8.365,,
8.375,,
8.385,1.13E-08,1.82E-06
8.395,1.14E-08,2.13E-06
8.405,1.20E-08,3.26E-06
8.415,1.20E-08,3.82E-06
8.425,1.20E-08,4.11E-06
8.435,1.20E-08,4.31E-06
8.445,1.17E-08,4.40E-06
8.455,1.14E-08,4.11E-06
8.465,1.12E-08,3.96E-06
8.475,1.10E-08,3.95E-06
8.485,1.11E-08,4.14E-06
8.495,1.10E-08,4.15E-06
8.505,1.09E-08,4.00E-06
8.515,1.07E-08,3.88E-06
8.525,1.07E-08,4.01E-06
8.535,1.06E-08,4.17E-06
8.545,1.06E-08,4.20E-06
8.555,1.07E-08,4.26E-06
8.565,1.07E-08,4.36E-06
8.575,1.08E-08,4.35E-06
8.585,1.09E-08,4.30E-06
8.595,1.08E-08,4.21E-06
8.605,1.07E-08,4.17E-06
8.615,1.08E-08,4.20E-06
8.625,1.08E-08,4.26E-06
8.635,1.10E-08,4.40E-06
8.645,1.11E-08,4.61E-06
8.655,1.12E-08,4.72E-06
8.665,1.16E-08,4.92E-06
8.675,1.17E-08,5.13E-06
8.685,1.18E-08,5.21E-06
8.695,1.18E-08,5.21E-06
8.705,1.18E-08,5.19E-06
8.715,1.17E-08,5.13E-06
8.725,1.16E-08,5.02E-06
8.735,1.15E-08,4.88E-06
8.745,1.14E-08,4.72E-06
8.755,1.15E-08,4.74E-06
8.765,1.15E-08,4.77E-06
8.775,1.15E-08,4.81E-06
8.785,1.18E-08,4.88E-06
8.795,1.18E-08,4.99E-06
8.805,1.18E-08,4.96E-06
8.815,1.18E-08,4.90E-06
8.825,1.18E-08,4.91E-06
8.835,1.20E-08,4.91E-06
8.845,1.22E-08,5.02E-06
8.855,1.22E-08,5.08E-06
8.865,1.22E-08,5.30E-06
8.875,1.20E-08,5.37E-06
8.885,1.18E-08,5.31E-06
8.895,1.16E-08,5.20E-06
8.905,1.18E-08,5.29E-06
8.915,1.24E-08,5.65E-06
8.925,1.36E-08,6.33E-06
8.935,1.54E-08,7.13E-06
8.945,1.71E-08,8.02E-06
8.955,1.82E-08,8.64E-06
8.965,1.85E-08,8.82E-06
8.975,1.84E-08,8.66E-06
8.985,1.82E-08,8.64E-06
8.995,1.79E-08,8.44E-06
9.005,1.76E-08,8.22E-06
9.015,1.73E-08,8.16E-06
9.025,1.70E-08,8.13E-06
9.035,1.68E-08,7.99E-06
9.045,1.68E-08,7.91E-06
9.055,1.66E-08,7.94E-06
9.065,1.64E-08,7.95E-06
9.075,1.63E-08,7.92E-06
9.085,1.62E-08,7.89E-06
9.095,1.66E-08,8.01E-06
9.105,1.69E-08,8.23E-06
9.115,1.70E-08,8.32E-06
9.125,1.71E-08,8.33E-06
9.135,1.70E-08,8.31E-06
9.145,1.69E-08,8.30E-06
9.155,1.70E-08,8.36E-06
9.165,1.71E-08,8.37E-06
9.175,1.72E-08,8.20E-06
9.185,1.71E-08,8.19E-06
9.195,1.71E-08,8.07E-06
9.205,1.72E-08,7.93E-06
9.215,1.75E-08,8.06E-06
9.225,1.82E-08,8.40E-06
9.235,1.84E-08,8.24E-06
9.245,1.86E-08,8.21E-06
9.255,,
9.265,,
9.275,,
9.285,,
9.295,,
9.305,,
9.315,,
9.325,,
9.335,,
9.345,,
9.355,,
9.365,1.90E-08,7.90E-06
9.375,1.61E-08,6.87E-06
9.385,1.50E-08,6.44E-06
9.395,1.48E-08,6.41E-06
9.405,1.51E-08,6.72E-06
9.415,1.56E-08,7.14E-06
9.425,1.59E-08,7.45E-06
9.435,1.63E-08,7.65E-06
9.445,1.67E-08,7.94E-06
9.455,1.71E-08,8.17E-06
9.465,1.74E-08,8.36E-06
9.475,1.79E-08,8.55E-06
9.485,1.81E-08,8.77E-06
9.495,1.83E-08,8.95E-06
9.505,1.86E-08,9.01E-06
9.515,1.86E-08,9.08E-06
9.525,1.84E-08,8.98E-06
9.535,1.83E-08,9.06E-06
9.545,1.84E-08,9.03E-06
9.555,1.87E-08,9.03E-06
9.565,1.87E-08,9.09E-06
9.575,1.88E-08,9.14E-06
9.585,1.90E-08,9.13E-06
9.595,1.91E-08,9.26E-06
9.605,1.89E-08,9.23E-06
9.615,1.89E-08,9.17E-06
9.625,1.91E-08,9.25E-06
9.635,1.91E-08,9.22E-06
9.645,1.91E-08,9.25E-06
9.655,1.93E-08,9.42E-06
9.665,1.92E-08,9.35E-06
9.675,1.92E-08,9.40E-06
9.685,1.91E-08,9.47E-06
9.695,1.89E-08,9.37E-06
9.705,1.88E-08,9.29E-06
9.715,1.90E-08,9.30E-06
9.725,1.91E-08,9.28E-06
9.735,1.90E-08,9.16E-06
9.745,1.88E-08,9.06E-06
9.755,1.87E-08,9.08E-06
9.765,1.86E-08,9.07E-06
9.775,1.85E-08,9.04E-06
9.785,1.84E-08,9.08E-06
9.795,1.82E-08,9.03E-06
9.805,1.81E-08,8.90E-06
9.815,1.81E-08,8.82E-06
9.825,1.80E-08,8.66E-06
9.835,1.80E-08,8.66E-06
9.845,1.81E-08,8.78E-06
9.855,1.80E-08,8.61E-06
9.865,1.78E-08,8.51E-06
9.875,1.73E-08,8.27E-06
9.885,1.70E-08,8.01E-06
9.895,1.64E-08,7.63E-06
9.905,1.56E-08,7.21E-06
9.915,1.52E-08,6.86E-06
9.925,1.48E-08,6.56E-06
9.935,1.43E-08,6.25E-06
9.945,1.35E-08,5.84E-06
9.955,1.29E-08,5.46E-06
9.965,1.26E-08,5.23E-06
9.975,1.25E-08,5.16E-06
9.985,1.24E-08,5.19E-06
9.995,1.25E-08,5.34E-06
10.005,1.34E-08,5.81E-06
10.015,1.50E-08,6.64E-06
10.025,1.74E-08,7.68E-06
10.035,2.00E-08,8.69E-06
10.045,2.20E-08,9.27E-06
10.055,2.32E-08,9.61E-06
10.065,2.35E-08,9.63E-06
10.075,2.30E-08,9.63E-06
10.085,2.15E-08,9.48E-06
10.095,2.01E-08,9.09E-06
10.105,1.92E-08,8.67E-06
10.115,1.90E-08,8.50E-06
10.125,1.89E-08,
10.135,,
10.145,,
10.155,,
10.165,,
10.175,,
10.185,,
10.195,2.39E-08,8.89E-06
10.205,2.28E-08,8.76E-06
10.215,2.27E-08,8.74E-06
10.225,2.22E-08,8.64E-06
10.235,2.13E-08,8.63E-06
10.245,2.06E-08,8.53E-06
10.255,2.07E-08,8.35E-06
10.265,2.08E-08,8.29E-06
10.275,2.09E-08,8.55E-06
10.285,2.12E-08,8.60E-06
10.295,2.11E-08,8.70E-06
10.305,2.07E-08,8.88E-06
10.315,2.09E-08,8.96E-06
10.325,2.05E-08,8.94E-06
10.335,2.09E-08,9.06E-06
10.345,2.10E-08,9.46E-06
10.355,2.12E-08,9.63E-06
10.365,2.12E-08,9.77E-06
10.375,2.13E-08,9.75E-06
10.385,2.10E-08,9.69E-06
10.395,2.16E-08,9.68E-06
10.405,2.16E-08,9.77E-06
10.415,2.15E-08,9.86E-06
10.425,2.17E-08,9.82E-06
10.435,2.19E-08,9.87E-06
10.445,2.19E-08,9.69E-06
10.455,2.17E-08,9.79E-06
10.465,2.17E-08,9.65E-06
10.475,2.15E-08,9.41E-06
10.485,2.13E-08,9.36E-06
10.495,2.14E-08,9.50E-06
10.505,2.18E-08,9.53E-06
10.515,2.18E-08,9.59E-06
10.525,2.18E-08,9.60E-06
10.535,2.17E-08,9.58E-06
10.545,2.17E-08,9.45E-06
10.555,2.20E-08,9.39E-06
10.565,2.21E-08,9.41E-06
10.575,2.21E-08,9.49E-06
10.585,2.25E-08,9.54E-06
10.595,2.24E-08,9.45E-06
10.605,2.22E-08,9.29E-06
10.615,2.14E-08,9.07E-06
10.625,2.02E-08,8.71E-06
10.635,1.85E-08,8.24E-06
10.645,1.71E-08,7.90E-06
10.655,1.71E-08,8.01E-06
10.665,1.85E-08,8.37E-06
10.675,1.99E-08,9.03E-06
10.685,2.08E-08,9.34E-06
10.695,2.16E-08,9.60E-06
10.705,2.23E-08,9.96E-06
10.715,2.26E-08,1.01E-05
10.725,2.27E-08,1.02E-05
10.735,2.29E-08,1.02E-05
10.745,2.29E-08,1.02E-05
10.755,2.27E-08,1.03E-05
10.765,2.28E-08,1.02E-05
10.775,2.29E-08,1.01E-05
10.785,2.28E-08,1.02E-05
10.795,2.25E-08,1.03E-05
10.805,2.20E-08,1.02E-05
10.815,2.14E-08,1.02E-05
10.825,2.11E-08,1.01E-05
10.835,2.11E-08,1.01E-05
10.845,2.11E-08,1.02E-05
10.855,2.13E-08,1.02E-05
10.865,2.19E-08,1.01E-05
10.875,2.24E-08,1.02E-05
10.885,2.27E-08,1.04E-05
10.895,2.28E-08,1.04E-05
10.905,2.30E-08,1.04E-05
10.915,2.30E-08,1.04E-05
10.925,2.31E-08,1.01E-05
10.935,2.30E-08,1.01E-05
10.945,2.29E-08,1.01E-05
10.955,2.30E-08,1.00E-05
10.965,2.29E-08,9.98E-06
10.975,2.28E-08,9.83E-06
10.985,2.28E-08,9.64E-06
10.995,2.26E-08,9.54E-06
11.005,2.27E-08,9.53E-06
11.015,2.32E-08,9.34E-06
11.025,2.38E-08,9.31E-06
11.035,2.45E-08,9.14E-06
11.045,2.47E-08,9.01E-06
11.055,2.45E-08,9.07E-06
11.065,2.45E-08,9.17E-06
11.075,,
11.085,,
11.095,,
11.105,,
11.115,,
11.125,2.09E-08,6.09E-06
11.135,1.99E-08,6.25E-06
11.145,1.91E-08,6.52E-06
11.155,1.92E-08,7.39E-06
11.165,1.93E-08,8.01E-06
11.175,2.00E-08,8.30E-06
11.185,2.07E-08,8.71E-06
11.195,2.12E-08,9.01E-06
11.205,2.19E-08,9.31E-06
11.215,2.25E-08,9.28E-06
11.225,2.29E-08,9.47E-06
11.235,2.33E-08,9.66E-06
11.245,2.34E-08,9.53E-06
11.255,2.34E-08,9.41E-06
11.265,2.33E-08,9.32E-06
11.275,2.30E-08,9.31E-06
11.285,2.26E-08,9.43E-06
11.295,2.20E-08,9.16E-06
11.305,2.08E-08,8.87E-06
11.315,1.95E-08,8.32E-06
11.325,1.78E-08,7.84E-06
11.335,1.72E-08,7.70E-06
11.345,1.74E-08,7.73E-06
11.355,1.77E-08,7.93E-06
11.365,1.74E-08,7.92E-06
11.375,1.73E-08,7.72E-06
11.385,1.72E-08,7.52E-06
11.395,1.72E-08,7.66E-06
11.405,1.68E-08,7.51E-06
11.415,1.64E-08,7.29E-06
11.425,1.59E-08,7.06E-06
11.435,1.52E-08,6.73E-06
11.445,1.46E-08,6.47E-06
11.455,1.43E-08,6.14E-06
11.465,1.44E-08,6.03E-06
11.475,1.45E-08,6.08E-06
11.485,1.45E-08,6.17E-06
11.495,1.43E-08,5.91E-06
11.505,1.41E-08,5.68E-06
11.515,1.39E-08,5.60E-06
11.525,1.40E-08,5.72E-06
11.535,1.42E-08,5.87E-06
11.545,1.48E-08,6.29E-06
11.555,1.55E-08,6.83E-06
11.565,1.59E-08,7.00E-06
11.575,1.68E-08,7.26E-06
11.585,1.74E-08,7.63E-06
11.595,1.76E-08,7.68E-06
11.605,1.73E-08,7.54E-06
11.615,1.72E-08,7.34E-06
11.625,1.73E-08,7.37E-06
11.635,1.74E-08,7.26E-06
11.645,1.74E-08,7.39E-06
11.655,1.74E-08,7.22E-06
11.665,1.73E-08,7.17E-06
11.675,1.71E-08,7.17E-06
11.685,1.71E-08,7.18E-06
11.695,1.72E-08,7.26E-06
11.705,1.73E-08,7.21E-06
11.715,1.73E-08,7.10E-06
11.725,1.75E-08,7.12E-06
11.735,1.77E-08,7.29E-06
11.745,1.78E-08,7.42E-06
11.755,1.75E-08,7.20E-06
11.765,1.74E-08,7.18E-06
11.775,1.74E-08,7.15E-06
11.785,1.73E-08,7.05E-06
11.795,1.71E-08,6.98E-06
11.805,1.70E-08,7.05E-06
11.815,1.69E-08,7.09E-06
11.825,1.69E-08,7.10E-06
11.835,1.69E-08,7.05E-06
11.845,1.70E-08,7.18E-06
11.855,1.70E-08,7.15E-06
11.865,1.70E-08,7.22E-06
11.875,1.68E-08,7.11E-06
11.885,1.69E-08,6.99E-06
11.895,1.71E-08,6.90E-06
11.905,1.70E-08,6.91E-06
11.915,1.63E-08,6.70E-06
11.925,1.57E-08,6.49E-06
11.935,1.54E-08,6.32E-06
11.945,1.52E-08,6.07E-06
11.955,1.47E-08,5.71E-06
11.965,1.43E-08,5.51E-06
11.975,1.41E-08,5.19E-06
11.985,1.35E-08,4.80E-06
11.995,1.28E-08,4.41E-06
12.005,1.27E-08,4.20E-06
12.015,,
12.025,,
12.035,,
12.045,,
12.055,,
12.065,,
12.075,,
12.085,,
12.095,,
12.105,,
12.115,,
12.125,,
12.135,,
12.145,,
12.155,,
12.165,,
12.175,,
12.185,,
12.195,,
12.205,,
12.215,,
12.225,,
12.235,,
12.245,,
12.255,,
12.265,1.14E-08,
12.275,1.12E-08,4.66E-06
12.285,1.14E-08,3.93E-06
12.295,1.14E-08,3.92E-06
12.305,1.14E-08,4.02E-06
12.315,1.15E-08,4.04E-06
12.325,1.13E-08,3.91E-06
12.335,1.10E-08,3.74E-06
12.345,1.10E-08,3.75E-06
12.355,1.10E-08,3.71E-06
12.365,1.10E-08,3.67E-06
12.375,1.09E-08,3.53E-06
12.385,1.08E-08,3.32E-06
12.395,1.09E-08,3.23E-06
12.405,1.09E-08,3.14E-06
12.415,1.10E-08,3.11E-06
12.425,1.09E-08,3.06E-06
12.435,1.08E-08,2.98E-06
12.445,1.07E-08,2.77E-06
12.455,1.07E-08,2.68E-06
12.465,1.07E-08,2.69E-06
12.475,1.06E-08,2.65E-06
12.485,1.06E-08,2.68E-06
12.495,1.05E-08,2.67E-06
12.505,1.06E-08,2.61E-06
12.515,1.06E-08,2.53E-06
12.525,1.05E-08,2.49E-06
12.535,1.05E-08,2.47E-06
12.545,1.06E-08,2.49E-06
12.555,1.06E-08,2.59E-06
12.565,1.05E-08,2.71E-06
12.575,1.05E-08,2.78E-06
12.585,1.07E-08,2.88E-06
12.595,1.10E-08,3.35E-06
12.605,1.15E-08,4.14E-06
12.615,1.18E-08,4.44E-06
12.625,1.19E-08,4.52E-06
12.635,1.20E-08,4.68E-06
12.645,1.18E-08,4.65E-06
12.655,1.15E-08,4.38E-06
12.665,1.15E-08,4.35E-06
12.675,1.15E-08,4.22E-06
12.685,1.16E-08,4.06E-06
12.695,1.19E-08,4.38E-06
12.705,1.19E-08,4.46E-06
12.715,1.19E-08,4.31E-06
12.725,1.20E-08,4.29E-06
12.735,1.20E-08,4.33E-06
12.745,1.21E-08,4.35E-06
12.755,1.21E-08,4.45E-06
12.765,1.21E-08,4.51E-06
12.775,1.21E-08,4.64E-06
12.785,1.21E-08,4.83E-06
12.795,1.20E-08,4.79E-06
12.805,1.21E-08,4.72E-06
12.815,1.21E-08,4.87E-06
12.825,1.19E-08,4.78E-06
12.835,1.17E-08,4.55E-06
12.845,1.19E-08,4.70E-06
12.855,1.17E-08,4.53E-06
12.865,1.17E-08,4.64E-06
12.875,1.21E-08,4.91E-06
12.885,1.21E-08,4.95E-06
12.895,1.18E-08,4.58E-06
12.905,1.16E-08,4.24E-06
12.915,1.15E-08,4.06E-06
12.925,1.15E-08,3.98E-06
12.935,1.17E-08,4.08E-06
12.945,1.19E-08,4.26E-06
12.955,1.21E-08,4.33E-06
12.965,1.23E-08,4.43E-06
12.975,1.26E-08,4.70E-06
12.985,1.27E-08,4.78E-06
12.995,1.27E-08,4.81E-06
13.005,1.27E-08,4.66E-06
13.015,1.24E-08,4.49E-06
13.025,1.24E-08,4.35E-06
13.035,1.26E-08,4.31E-06
13.045,1.28E-08,4.20E-06
13.055,1.26E-08,4.42E-06
13.065,,
13.075,,
13.085,,
13.095,,
13.105,,
13.115,,
13.125,,
13.135,,
13.145,,
13.155,1.47E-08,6.14E-06
13.165,1.47E-08,6.41E-06
13.175,1.46E-08,6.46E-06
13.185,1.46E-08,6.36E-06
13.195,1.46E-08,6.43E-06
13.205,1.47E-08,6.61E-06
13.215,1.49E-08,6.70E-06
13.225,1.48E-08,6.60E-06
13.235,1.47E-08,6.50E-06
13.245,1.46E-08,6.60E-06
13.255,1.48E-08,6.70E-06
13.265,1.50E-08,6.81E-06
13.275,1.51E-08,6.88E-06
13.285,1.53E-08,6.95E-06
13.295,1.55E-08,7.10E-06
13.305,1.58E-08,7.20E-06
13.315,1.59E-08,7.31E-06
13.325,1.60E-08,7.30E-06
13.335,1.60E-08,7.39E-06
13.345,1.61E-08,7.44E-06
13.355,1.62E-08,7.48E-06
13.365,1.65E-08,7.56E-06
13.375,1.67E-08,7.61E-06
13.385,1.66E-08,7.56E-06
13.395,1.64E-08,7.44E-06
13.405,1.63E-08,7.29E-06
13.415,1.62E-08,7.29E-06
13.425,1.61E-08,7.15E-06
13.435,1.60E-08,7.18E-06
13.445,1.61E-08,7.29E-06
13.455,1.62E-08,7.30E-06
13.465,1.63E-08,7.31E-06
13.475,1.65E-08,7.44E-06
13.485,1.63E-08,7.23E-06
13.495,1.57E-08,6.97E-06
13.505,1.55E-08,6.83E-06
13.515,1.54E-08,6.80E-06
13.525,1.52E-08,6.74E-06
13.535,1.50E-08,6.68E-06
13.545,1.46E-08,6.64E-06
13.555,1.47E-08,6.68E-06
13.565,1.46E-08,6.63E-06
13.575,1.45E-08,6.61E-06
13.585,1.44E-08,6.66E-06
13.595,1.45E-08,6.63E-06
13.605,1.45E-08,6.63E-06
13.615,1.45E-08,6.61E-06
13.625,1.45E-08,6.62E-06
13.635,1.44E-08,6.61E-06
13.645,1.44E-08,6.62E-06
13.655,1.45E-08,6.57E-06
13.665,1.46E-08,6.47E-06
13.675,1.46E-08,6.36E-06
13.685,1.47E-08,6.38E-06
13.695,1.47E-08,6.37E-06
13.705,1.49E-08,6.46E-06
13.715,1.49E-08,6.37E-06
13.725,1.47E-08,6.29E-06
13.735,1.45E-08,6.20E-06
13.745,1.45E-08,6.25E-06
13.755,1.47E-08,6.28E-06
13.765,1.47E-08,6.26E-06
13.775,1.47E-08,6.28E-06
13.785,1.47E-08,6.30E-06
13.795,1.49E-08,6.23E-06
13.805,1.50E-08,6.11E-06
13.815,1.49E-08,5.98E-06
13.825,1.49E-08,5.75E-06
13.835,1.49E-08,5.84E-06
13.845,1.51E-08,5.85E-06
13.855,1.54E-08,5.92E-06
13.865,1.57E-08,5.93E-06
13.875,1.62E-08,6.03E-06
13.885,1.71E-08,6.19E-06
13.895,1.78E-08,6.33E-06
13.905,1.88E-08,6.43E-06
13.915,2.03E-08,6.46E-06
13.925,,
13.935,,
13.945,,
13.955,,
13.965,,
13.975,,
13.985,,
13.995,,
14.005,,
14.015,,
14.025,,
14.035,,
14.045,,
14.055,,
14.065,,
14.075,,
14.085,,
14.095,,
14.105,,
14.115,,
14.125,,
14.135,,
14.145,,
14.155,,
14.165,,
14.175,,
14.185,,
14.195,,
14.205,,
14.215,,
14.225,,
14.235,,
14.245,,
14.255,,
14.265,,
14.275,,
14.285,,
14.295,,
14.305,,
14.315,,
14.325,,
14.335,,
14.345,,
14.355,,
14.365,,
14.375,,
14.385,,
14.395,,
14.405,,
14.415,,
14.425,,
14.435,,
14.445,,
14.455,,
14.465,,
14.475,,
14.485,,
14.495,,
14.505,,
14.515,,
14.525,,
14.535,,
14.545,,
14.555,,
14.565,,
14.575,,
14.585,,
14.595,,
14.605,,
14.615,,
14.625,,
14.635,,
14.645,,
14.655,,
14.665,,
14.675,,
14.685,,
14.695,,
14.705,,
14.715,,
14.725,,
14.735,,
14.745,,
14.755,,
14.765,,
14.775,,
14.785,,
14.795,,
14.805,,
14.815,,
14.825,,
14.835,,
14.845,,
14.855,,
14.865,,
14.875,,
14.885,,
14.895,,
14.905,,
14.915,,
14.925,,
14.935,,
14.945,1.79E-08,6.49E-06
14.955,1.75E-08,6.46E-06
14.965,1.72E-08,6.50E-06
14.975,1.68E-08,6.41E-06
14.985,1.65E-08,6.38E-06
14.995,1.65E-08,6.58E-06
15.005,1.66E-08,6.50E-06
15.015,1.66E-08,6.45E-06
15.025,1.65E-08,6.51E-06
15.035,1.65E-08,6.58E-06
15.045,1.64E-08,6.52E-06
15.055,1.62E-08,6.56E-06
15.065,1.61E-08,6.49E-06
15.075,1.60E-08,6.47E-06
15.085,1.58E-08,6.40E-06
15.095,1.53E-08,6.25E-06
15.105,1.49E-08,6.12E-06
15.115,1.48E-08,6.11E-06
15.125,1.46E-08,5.98E-06
15.135,1.41E-08,5.93E-06
15.145,1.37E-08,5.76E-06
15.155,1.36E-08,5.84E-06
15.165,1.37E-08,5.94E-06
15.175,1.38E-08,5.93E-06
15.185,1.38E-08,5.79E-06
15.195,1.35E-08,5.61E-06
15.205,1.34E-08,5.54E-06
15.215,1.36E-08,5.60E-06
15.225,1.37E-08,5.63E-06
15.235,1.35E-08,5.59E-06
15.245,1.33E-08,5.54E-06
15.255,1.30E-08,5.51E-06
15.265,1.29E-08,5.24E-06
15.275,1.29E-08,5.05E-06
15.285,1.27E-08,5.00E-06
15.295,1.23E-08,4.92E-06
15.305,1.19E-08,4.74E-06
15.315,1.14E-08,4.47E-06
15.325,1.09E-08,4.19E-06
15.335,1.02E-08,3.89E-06
15.345,9.14E-09,3.34E-06
15.355,7.92E-09,2.57E-06
15.365,6.92E-09,1.66E-06
15.375,6.74E-09,9.37E-07
15.385,6.72E-09,6.94E-07
15.395,6.49E-09,8.10E-07
15.405,6.67E-09,1.34E-06
15.415,7.06E-09,1.81E-06
15.425,7.27E-09,2.27E-06
15.435,7.10E-09,2.26E-06
15.445,7.12E-09,2.24E-06
15.455,7.35E-09,2.32E-06
15.465,7.36E-09,2.33E-06
15.475,7.03E-09,1.95E-06
15.485,6.75E-09,1.55E-06
15.495,6.57E-09,1.21E-06
15.505,6.39E-09,9.11E-07
15.515,6.40E-09,1.05E-06
15.525,6.44E-09,1.07E-06
15.535,6.73E-09,9.12E-07
15.545,6.97E-09,1.03E-06
15.555,6.94E-09,1.69E-06
15.565,6.42E-09,1.73E-06
15.575,6.83E-09,1.03E-06
15.585,7.19E-09,7.56E-07
15.595,6.64E-09,1.15E-06
15.605,6.94E-09,2.05E-06
15.615,8.38E-09,3.13E-06
15.625,9.84E-09,3.94E-06
15.635,1.09E-08,4.47E-06
15.645,1.13E-08,4.69E-06
15.655,1.17E-08,4.59E-06
15.665,1.13E-08,4.42E-06
15.675,1.06E-08,4.10E-06
15.685,9.00E-09,3.64E-06
15.695,,
15.705,,
15.715,,
15.725,,
15.735,,
15.745,,
15.755,1.18E-08,3.00E-06
15.765,1.15E-08,2.86E-06
15.775,1.07E-08,2.65E-06
15.785,1.03E-08,2.71E-06
15.795,1.03E-08,2.89E-06
15.805,1.04E-08,3.15E-06
15.815,1.07E-08,3.33E-06
15.825,1.11E-08,3.52E-06
15.835,1.19E-08,3.88E-06
15.845,1.25E-08,4.16E-06
15.855,1.30E-08,4.31E-06
15.865,1.34E-08,4.36E-06
15.875,1.39E-08,4.65E-06
15.885,1.41E-08,4.85E-06
15.895,1.41E-08,4.95E-06
15.905,1.42E-08,4.94E-06
15.915,1.44E-08,4.93E-06
15.925,1.44E-08,4.99E-06
15.935,1.46E-08,5.03E-06
15.945,1.46E-08,5.00E-06
15.955,1.46E-08,5.06E-06
15.965,1.46E-08,5.17E-06
15.975,1.46E-08,5.19E-06
15.985,1.45E-08,5.22E-06
15.995,1.47E-08,5.27E-06
16.005,1.47E-08,5.33E-06
16.015,1.48E-08,5.48E-06
16.025,1.45E-08,5.25E-06
16.035,1.41E-08,4.84E-06
16.045,1.34E-08,4.31E-06
16.055,1.24E-08,4.02E-06
16.065,1.09E-08,3.39E-06
16.075,9.30E-09,2.69E-06
16.085,8.28E-09,2.28E-06
16.095,7.46E-09,1.83E-06
16.105,6.58E-09,1.49E-06
16.115,5.70E-09,1.00E-06
16.125,5.79E-09,5.50E-07
16.135,7.49E-09,2.43E-07
16.145,8.57E-09,1.00E-07
16.155,7.80E-09,3.67E-07
16.165,6.35E-09,9.19E-07
16.175,6.50E-09,1.68E-06
16.185,8.10E-09,2.47E-06
16.195,9.71E-09,3.12E-06
16.205,1.04E-08,3.37E-06
16.215,1.05E-08,3.39E-06
16.225,1.05E-08,3.40E-06
16.235,1.07E-08,3.60E-06
16.245,1.13E-08,3.84E-06
16.255,1.12E-08,3.95E-06
16.265,1.05E-08,3.97E-06
16.275,1.05E-08,4.06E-06
16.285,1.13E-08,4.29E-06
16.295,1.27E-08,4.61E-06
16.305,1.33E-08,4.73E-06
16.315,1.38E-08,4.76E-06
16.325,1.39E-08,4.74E-06
16.335,1.35E-08,4.60E-06
16.345,1.22E-08,4.31E-06
16.355,1.14E-08,4.02E-06
16.365,1.16E-08,4.07E-06
16.375,1.20E-08,4.18E-06
16.385,1.27E-08,4.53E-06
16.395,1.29E-08,4.64E-06
16.405,1.27E-08,4.46E-06
16.415,1.27E-08,4.41E-06
16.425,1.20E-08,4.21E-06
16.435,1.13E-08,4.03E-06
16.445,1.02E-08,3.48E-06
16.455,8.71E-09,2.50E-06
16.465,8.16E-09,1.46E-06
16.475,8.60E-09,9.47E-07
16.485,8.47E-09,1.17E-06
16.495,8.55E-09,1.96E-06
16.505,9.53E-09,2.73E-06
16.515,9.40E-09,2.65E-06
16.525,,
16.535,,
16.545,,
16.555,,
16.565,,
16.575,,
16.585,,
16.595,,
16.605,,
16.615,,
16.625,,
16.635,,
16.645,,
16.655,,
16.665,,
16.675,,
16.685,,
16.695,,
16.705,,
16.715,,
16.725,,
16.735,,
16.745,9.01E-09,2.85E-06
16.755,9.29E-09,2.90E-06
16.765,1.11E-08,4.19E-06
16.775,1.14E-08,4.60E-06
16.785,1.14E-08,4.56E-06
16.795,1.15E-08,4.58E-06
16.805,1.16E-08,4.67E-06
16.815,1.17E-08,4.53E-06
16.825,1.13E-08,4.05E-06
16.835,9.66E-09,2.69E-06
16.845,8.34E-09,1.58E-06
16.855,8.80E-09,2.46E-06
16.865,1.05E-08,3.85E-06
16.875,1.15E-08,4.52E-06
16.885,1.16E-08,4.63E-06
16.895,1.02E-08,3.88E-06
16.905,8.14E-09,2.50E-06
16.915,7.18E-09,1.60E-06
16.925,7.24E-09,2.08E-06
16.935,8.15E-09,3.06E-06
16.945,9.67E-09,4.04E-06
16.955,1.12E-08,4.85E-06
16.965,1.25E-08,5.35E-06
16.975,1.37E-08,5.81E-06
16.985,1.45E-08,6.21E-06
16.995,1.49E-08,6.31E-06
17.005,1.48E-08,6.27E-06
17.015,1.45E-08,6.22E-06
17.025,1.46E-08,6.21E-06
17.035,1.49E-08,6.19E-06
17.045,1.48E-08,6.17E-06
17.055,1.45E-08,6.02E-06
17.065,1.41E-08,6.07E-06
17.075,1.40E-08,6.09E-06
17.085,1.39E-08,6.17E-06
17.095,1.38E-08,6.22E-06
17.105,1.36E-08,6.26E-06
17.115,1.36E-08,6.22E-06
17.125,1.35E-08,6.27E-06
17.135,1.32E-08,6.17E-06
17.145,1.32E-08,5.91E-06
17.155,1.29E-08,5.82E-06
17.165,1.21E-08,5.43E-06
17.175,1.15E-08,5.14E-06
17.185,1.15E-08,4.98E-06
17.195,1.12E-08,4.96E-06
17.205,1.17E-08,5.17E-06
17.215,1.27E-08,5.66E-06
17.225,1.35E-08,5.96E-06
17.235,1.40E-08,5.99E-06
17.245,1.45E-08,6.10E-06
17.255,1.52E-08,6.30E-06
17.265,1.53E-08,6.41E-06
17.275,1.50E-08,6.23E-06
17.285,1.47E-08,6.06E-06
17.295,1.50E-08,6.04E-06
17.305,1.63E-08,6.74E-06
17.315,,
17.325,,
17.335,,
17.345,,
17.355,,
17.365,,
17.375,,
17.385,,
17.395,,
17.405,,
17.415,,
17.425,,
17.435,,
17.445,,
17.455,,
17.465,,
17.475,,
17.485,,
17.495,,
17.505,,
17.515,,
17.525,,
17.535,,
17.545,,
17.555,,
17.565,,
17.575,,
17.585,,
17.595,,
17.605,,
17.615,,
17.625,,
17.635,,
17.645,,
17.655,,
17.665,,
17.675,1.36E-08,
17.685,1.39E-08,4.52E-06
17.695,1.39E-08,4.53E-06
17.705,1.40E-08,4.66E-06
17.715,1.41E-08,4.81E-06
17.725,1.41E-08,4.89E-06
17.735,1.40E-08,5.05E-06
17.745,1.42E-08,5.19E-06
17.755,1.43E-08,5.26E-06
17.765,1.45E-08,5.22E-06
17.775,1.46E-08,5.45E-06
17.785,1.44E-08,5.54E-06
17.795,1.40E-08,5.51E-06
17.805,1.37E-08,5.47E-06
17.815,1.33E-08,5.32E-06
17.825,1.30E-08,5.26E-06
17.835,1.35E-08,5.48E-06
17.845,1.41E-08,5.72E-06
17.855,1.44E-08,5.87E-06
17.865,1.45E-08,6.05E-06
17.875,1.50E-08,6.30E-06
17.885,1.55E-08,6.36E-06
17.895,1.61E-08,6.49E-06
17.905,1.63E-08,6.53E-06
17.915,1.61E-08,6.59E-06
17.925,1.57E-08,6.57E-06
17.935,1.50E-08,6.48E-06
17.945,1.51E-08,6.49E-06
17.955,1.61E-08,6.86E-06
17.965,1.74E-08,7.16E-06
17.975,1.81E-08,7.39E-06
17.985,1.82E-08,7.37E-06
17.995,1.77E-08,7.21E-06
18.005,1.68E-08,7.04E-06
18.015,1.61E-08,6.90E-06
18.025,1.65E-08,6.90E-06
18.035,1.72E-08,7.12E-06
18.045,1.78E-08,7.27E-06
18.055,1.79E-08,7.27E-06
18.065,1.72E-08,7.04E-06
18.075,1.63E-08,6.80E-06
18.085,1.59E-08,6.83E-06
18.095,1.65E-08,7.10E-06
18.105,1.70E-08,7.23E-06
18.115,1.70E-08,7.19E-06
18.125,1.70E-08,7.16E-06
18.135,1.69E-08,7.21E-06
18.145,1.68E-08,7.11E-06
18.155,1.69E-08,7.11E-06
18.165,1.70E-08,7.16E-06
18.175,1.68E-08,7.10E-06
18.185,1.70E-08,7.18E-06
18.195,1.75E-08,7.22E-06
18.205,1.78E-08,7.37E-06
18.215,1.77E-08,7.28E-06
18.225,1.77E-08,7.42E-06
18.235,1.78E-08,7.37E-06
18.245,1.74E-08,7.13E-06
18.255,1.76E-08,7.26E-06
18.265,1.79E-08,7.31E-06
18.275,1.82E-08,7.41E-06
18.285,1.82E-08,7.31E-06
18.295,1.78E-08,7.02E-06
18.305,1.71E-08,6.76E-06
18.315,1.57E-08,6.29E-06
18.325,1.40E-08,5.49E-06
18.335,1.24E-08,4.53E-06
18.345,1.15E-08,3.67E-06
18.355,1.21E-08,4.10E-06
18.365,1.30E-08,4.56E-06
18.375,1.39E-08,5.08E-06
18.385,1.54E-08,5.92E-06
18.395,1.71E-08,6.68E-06
18.405,1.81E-08,7.03E-06
18.415,1.85E-08,7.18E-06
18.425,1.86E-08,6.94E-06
18.435,1.87E-08,6.61E-06
18.445,,
18.455,,
18.465,,
18.475,,
18.485,,
18.495,,
18.505,,
18.515,,
18.525,,
18.535,,
18.545,,
18.555,1.80E-08,6.69E-06
18.565,1.73E-08,6.72E-06
18.575,1.63E-08,6.76E-06
18.585,1.59E-08,6.93E-06
18.595,1.59E-08,7.01E-06
18.605,1.61E-08,7.10E-06
18.615,1.68E-08,7.49E-06
18.625,1.74E-08,7.92E-06
18.635,1.78E-08,7.81E-06
18.645,1.78E-08,7.77E-06
18.655,1.75E-08,7.53E-06
18.665,1.77E-08,7.63E-06
18.675,1.81E-08,7.42E-06
18.685,1.78E-08,7.55E-06
18.695,1.72E-08,7.58E-06
18.705,1.68E-08,7.68E-06
18.715,1.69E-08,7.78E-06
18.725,1.68E-08,7.63E-06
18.735,1.68E-08,7.39E-06
18.745,1.68E-08,6.96E-06
18.755,1.66E-08,6.67E-06
18.765,1.64E-08,6.63E-06
18.775,1.64E-08,6.50E-06
18.785,1.59E-08,6.52E-06
18.795,1.56E-08,6.49E-06
18.805,1.54E-08,6.64E-06
18.815,1.54E-08,6.79E-06
18.825,1.55E-08,6.96E-06
18.835,1.57E-08,7.30E-06
18.845,1.60E-08,7.31E-06
18.855,1.60E-08,7.10E-06
18.865,1.63E-08,6.91E-06
18.875,1.66E-08,7.23E-06
18.885,1.71E-08,8.11E-06
18.895,1.78E-08,8.40E-06
18.905,1.79E-08,8.85E-06
18.915,1.85E-08,9.56E-06
18.925,1.93E-08,1.01E-05
18.935,2.04E-08,1.05E-05
18.945,2.17E-08,1.02E-05
18.955,2.21E-08,1.03E-05
18.965,2.31E-08,1.02E-05
18.975,2.33E-08,9.98E-06
18.985,2.36E-08,9.84E-06
18.995,2.39E-08,9.86E-06
19.005,2.40E-08,1.05E-05
19.015,2.40E-08,1.05E-05
19.025,2.43E-08,1.08E-05
19.035,2.53E-08,1.09E-05
19.045,2.60E-08,1.10E-05
19.055,2.66E-08,1.11E-05
19.065,2.75E-08,1.09E-05
19.075,2.78E-08,1.06E-05
19.085,2.78E-08,1.05E-05
19.095,2.78E-08,1.03E-05
19.105,2.79E-08,9.75E-06
19.115,2.73E-08,9.52E-06
19.125,2.67E-08,9.17E-06
19.135,2.51E-08,8.72E-06
19.145,2.31E-08,8.22E-06
19.155,2.13E-08,8.04E-06
19.165,2.00E-08,7.69E-06
19.175,1.90E-08,7.66E-06
19.185,1.77E-08,7.33E-06
19.195,1.70E-08,6.69E-06
19.205,1.66E-08,5.80E-06
19.215,1.58E-08,4.24E-06
19.225,1.49E-08,3.37E-06
19.235,1.38E-08,2.68E-06
19.245,1.27E-08,2.25E-06
19.255,1.15E-08,2.14E-06
19.265,1.05E-08,2.22E-06
19.275,1.02E-08,2.27E-06
19.285,1.03E-08,2.45E-06
19.295,1.03E-08,2.76E-06
19.305,1.03E-08,3.05E-06
19.315,1.05E-08,3.29E-06
19.325,1.06E-08,3.27E-06
19.335,1.08E-08,2.95E-06
19.345,1.09E-08,2.70E-06
19.355,1.11E-08,2.94E-06
19.365,1.13E-08,2.97E-06
19.375,1.15E-08,3.68E-06
19.385,1.19E-08,4.51E-06
19.395,1.23E-08,4.68E-06
19.405,1.25E-08,4.87E-06
19.415,1.30E-08,5.45E-06
19.425,1.37E-08,5.41E-06
19.435,1.43E-08,5.00E-06
19.445,1.44E-08,
19.455,1.40E-08,
19.465,1.49E-08,
19.475,1.58E-08,
19.485,,
19.495,,
19.505,,
19.515,1.39E-08,5.22E-06
19.525,1.32E-08,4.47E-06
19.535,1.27E-08,4.12E-06
19.545,1.29E-08,4.61E-06
19.555,1.29E-08,4.65E-06
19.565,1.25E-08,4.17E-06
19.575,1.24E-08,4.15E-06
19.585,1.25E-08,4.29E-06
19.595,1.23E-08,3.87E-06
19.605,1.21E-08,3.66E-06
19.615,1.23E-08,4.03E-06
19.625,1.23E-08,4.14E-06
19.635,1.20E-08,4.00E-06
19.645,1.17E-08,3.44E-06
19.655,1.17E-08,3.45E-06
19.665,1.18E-08,3.94E-06
19.675,1.18E-08,3.93E-06
19.685,1.17E-08,3.43E-06
19.695,1.14E-08,2.79E-06
19.705,1.13E-08,2.50E-06
19.715,1.11E-08,2.61E-06
19.725,1.07E-08,2.20E-06
19.735,1.07E-08,1.80E-06
19.745,1.07E-08,1.84E-06
19.755,1.05E-08,1.78E-06
19.765,1.04E-08,1.91E-06
19.775,1.04E-08,1.84E-06
19.785,1.04E-08,1.98E-06
19.795,1.03E-08,1.92E-06
19.805,1.03E-08,1.82E-06
19.815,1.04E-08,1.86E-06
19.825,1.04E-08,1.93E-06
19.835,1.03E-08,1.83E-06
19.845,1.04E-08,2.05E-06
19.855,1.05E-08,2.32E-06
19.865,1.04E-08,2.53E-06
19.875,1.04E-08,2.48E-06
19.885,1.04E-08,2.43E-06
19.895,1.04E-08,2.38E-06
19.905,1.04E-08,2.41E-06
19.915,1.04E-08,2.43E-06
19.925,1.05E-08,2.56E-06
19.935,1.05E-08,2.71E-06
19.945,1.06E-08,2.79E-06
19.955,1.07E-08,3.13E-06
19.965,1.07E-08,3.32E-06
19.975,1.08E-08,3.58E-06
19.985,1.08E-08,3.55E-06
19.995,1.08E-08,3.43E-06
20.005,1.07E-08,3.14E-06
20.015,1.07E-08,2.93E-06
20.025,1.07E-08,2.61E-06
20.035,1.06E-08,2.36E-06
20.045,1.07E-08,2.25E-06
20.055,1.08E-08,2.39E-06
20.065,1.08E-08,2.59E-06
20.075,1.10E-08,2.88E-06
20.085,1.15E-08,3.59E-06
20.095,1.24E-08,4.49E-06
20.105,1.33E-08,5.21E-06
20.115,1.39E-08,5.77E-06
20.125,1.45E-08,6.14E-06
20.135,1.49E-08,6.44E-06
20.145,1.51E-08,6.61E-06
20.155,1.50E-08,6.43E-06
20.165,1.48E-08,6.17E-06
20.175,1.46E-08,5.93E-06
20.185,1.45E-08,5.65E-06
20.195,1.40E-08,5.71E-06
20.205,1.29E-08,5.76E-06
20.215,1.33E-08,5.62E-06
20.225,1.46E-08,5.69E-06
20.235,,
20.245,,
20.255,,
20.265,,
20.275,,
20.285,,
20.295,,
20.305,,
20.315,,
20.325,1.55E-08,4.43E-06
20.335,1.47E-08,4.25E-06
20.345,1.37E-08,4.75E-06
20.355,1.26E-08,3.82E-06
20.365,1.18E-08,3.10E-06
20.375,1.14E-08,2.46E-06
20.385,1.14E-08,2.11E-06
20.395,1.15E-08,1.94E-06
20.405,1.15E-08,1.80E-06
20.415,1.17E-08,1.72E-06
20.425,1.18E-08,1.68E-06
20.435,1.18E-08,1.62E-06
20.445,1.16E-08,1.51E-06
20.455,1.16E-08,1.53E-06
20.465,1.16E-08,1.49E-06
20.475,1.14E-08,1.44E-06
20.485,1.13E-08,1.31E-06
20.495,1.12E-08,1.22E-06
20.505,1.12E-08,1.20E-06
20.515,1.11E-08,1.11E-06
20.525,1.09E-08,1.04E-06
20.535,1.08E-08,1.03E-06
20.545,1.07E-08,9.66E-07
20.555,1.07E-08,1.03E-06
20.565,1.08E-08,9.92E-07
20.575,1.10E-08,9.62E-07
20.585,1.11E-08,9.35E-07
20.595,1.13E-08,8.64E-07
20.605,1.13E-08,8.94E-07
20.615,1.12E-08,1.09E-06
20.625,1.12E-08,1.25E-06
20.635,1.11E-08,1.37E-06
20.645,1.09E-08,1.52E-06
20.655,1.08E-08,1.48E-06
20.665,1.08E-08,1.48E-06
20.675,1.09E-08,1.49E-06
20.685,1.09E-08,1.40E-06
20.695,1.09E-08,1.37E-06
20.705,1.10E-08,1.30E-06
20.715,1.11E-08,1.19E-06
20.725,1.12E-08,1.15E-06
20.735,1.11E-08,1.18E-06
20.745,1.10E-08,1.29E-06
20.755,1.10E-08,1.68E-06
20.765,1.09E-08,2.13E-06
20.775,1.08E-08,2.49E-06
20.785,1.08E-08,2.51E-06
20.795,1.09E-08,2.48E-06
20.805,1.10E-08,2.44E-06
20.815,1.09E-08,2.39E-06
20.825,1.10E-08,2.56E-06
20.835,1.08E-08,2.59E-06
20.845,1.08E-08,2.60E-06
20.855,1.10E-08,2.53E-06
20.865,1.10E-08,2.23E-06
20.875,1.10E-08,2.12E-06
20.885,1.10E-08,1.97E-06
20.895,1.11E-08,1.79E-06
20.905,1.13E-08,1.73E-06
20.915,1.15E-08,1.72E-06
20.925,1.15E-08,1.71E-06
20.935,1.15E-08,1.68E-06
20.945,1.15E-08,1.76E-06
20.955,1.14E-08,1.99E-06
20.965,1.13E-08,2.05E-06
20.975,1.13E-08,2.05E-06
20.985,1.13E-08,2.06E-06
20.995,1.14E-08,2.07E-06
21.005,1.15E-08,2.03E-06
21.015,1.17E-08,2.01E-06
21.025,1.17E-08,1.96E-06
21.035,1.17E-08,1.88E-06
21.045,1.17E-08,1.85E-06
21.055,1.17E-08,1.88E-06
21.065,1.17E-08,1.92E-06
21.075,1.14E-08,1.95E-06
21.085,1.11E-08,1.98E-06
21.095,1.10E-08,2.04E-06
21.105,1.21E-08,2.05E-06
21.115,1.20E-08,2.00E-06
21.125,1.18E-08,1.94E-06
21.135,1.19E-08,1.86E-06
21.145,1.20E-08,1.89E-06
21.155,,
21.165,,
21.175,,
21.185,,
21.195,,
21.205,,
21.215,,
21.225,,
21.235,,
21.245,,
21.255,,
21.265,,
21.275,,
21.285,,
21.295,,
21.305,,
21.315,,
21.325,,
21.335,,
21.345,1.07E-08,1.34E-06
21.355,1.06E-08,1.51E-06
21.365,1.04E-08,1.64E-06
21.375,1.02E-08,1.62E-06
21.385,1.02E-08,1.80E-06
21.395,1.02E-08,1.81E-06
21.405,1.04E-08,1.83E-06
21.415,1.04E-08,1.85E-06
21.425,1.06E-08,1.86E-06
21.435,1.08E-08,1.91E-06
21.445,1.09E-08,2.03E-06
21.455,1.11E-08,2.16E-06
21.465,1.12E-08,2.25E-06
21.475,1.13E-08,2.40E-06
21.485,1.15E-08,2.40E-06
21.495,1.17E-08,2.32E-06
21.505,1.19E-08,2.19E-06
21.515,1.20E-08,1.98E-06
21.525,1.19E-08,2.01E-06
21.535,1.19E-08,2.19E-06
21.545,1.18E-08,2.21E-06
21.555,1.17E-08,2.38E-06
21.565,1.16E-08,2.66E-06
21.575,1.15E-08,2.93E-06
21.585,1.15E-08,2.90E-06
21.595,1.13E-08,2.87E-06
21.605,1.12E-08,2.94E-06
21.615,1.13E-08,3.03E-06
21.625,1.12E-08,3.04E-06
21.635,1.12E-08,3.12E-06
21.645,1.12E-08,3.11E-06
21.655,1.13E-08,3.00E-06
21.665,1.13E-08,2.81E-06
21.675,1.13E-08,2.64E-06
21.685,1.14E-08,2.50E-06
21.695,1.15E-08,2.38E-06
21.705,1.16E-08,2.16E-06
21.715,1.18E-08,2.10E-06
21.725,1.17E-08,2.09E-06
21.735,1.17E-08,2.13E-06
21.745,1.16E-08,2.08E-06
21.755,1.16E-08,2.02E-06
21.765,1.16E-08,1.99E-06
21.775,1.17E-08,2.09E-06
21.785,1.16E-08,2.15E-06
21.795,1.16E-08,2.19E-06
21.805,1.16E-08,2.02E-06
21.815,1.15E-08,1.99E-06
21.825,1.14E-08,2.02E-06
21.835,1.13E-08,1.98E-06
21.845,1.13E-08,1.85E-06
21.855,1.15E-08,1.78E-06
21.865,1.16E-08,1.78E-06
21.875,1.15E-08,1.83E-06
21.885,1.14E-08,1.95E-06
21.895,1.12E-08,2.06E-06
21.905,1.10E-08,2.16E-06
21.915,1.09E-08,2.20E-06
21.925,1.08E-08,2.19E-06
21.935,1.07E-08,2.16E-06
21.945,1.06E-08,2.13E-06
21.955,1.07E-08,2.06E-06
21.965,1.05E-08,2.04E-06
21.975,1.06E-08,2.02E-06
21.985,1.06E-08,1.99E-06
21.995,1.05E-08,1.95E-06
22.005,1.05E-08,1.95E-06
22.015,1.04E-08,1.90E-06
22.025,1.03E-08,1.85E-06
22.035,1.03E-08,1.80E-06
22.045,1.01E-08,1.83E-06
22.055,1.05E-08,1.84E-06
22.065,9.87E-09,1.74E-06
22.075,9.70E-09,1.65E-06
22.085,,
22.095,,
22.105,,
22.115,,
22.125,,
22.135,,
22.145,,
22.155,,
22.165,,
22.175,,
22.185,,
22.195,,
22.205,,
22.215,,
22.225,2.22E-08,7.62E-06
22.235,2.20E-08,7.71E-06
22.245,2.15E-08,7.83E-06
22.255,2.06E-08,7.61E-06
22.265,1.83E-08,6.32E-06
22.275,1.80E-08,6.56E-06
22.285,1.81E-08,6.92E-06
22.295,1.91E-08,7.09E-06
22.305,2.05E-08,7.32E-06
22.315,2.18E-08,7.78E-06
22.325,2.31E-08,8.10E-06
22.335,2.36E-08,8.13E-06
22.345,2.32E-08,8.15E-06
22.355,2.18E-08,7.64E-06
22.365,2.02E-08,7.27E-06
22.375,1.84E-08,6.94E-06
22.385,1.76E-08,6.90E-06
22.395,1.75E-08,6.77E-06
22.405,1.77E-08,6.69E-06
22.415,1.81E-08,6.74E-06
22.425,1.88E-08,6.93E-06
22.435,1.89E-08,6.84E-06
22.445,1.85E-08,6.71E-06
22.455,1.80E-08,6.59E-06
22.465,1.74E-08,6.46E-06
22.475,1.67E-08,6.22E-06
22.485,1.63E-08,6.08E-06
22.495,1.62E-08,6.22E-06
22.505,1.66E-08,6.17E-06
22.515,1.70E-08,6.17E-06
22.525,1.75E-08,6.39E-06
22.535,1.75E-08,6.60E-06
22.545,1.76E-08,6.83E-06
22.555,1.77E-08,6.90E-06
22.565,1.76E-08,6.79E-06
22.575,1.74E-08,6.71E-06
22.585,1.71E-08,6.57E-06
22.595,1.71E-08,6.50E-06
22.605,1.72E-08,6.46E-06
22.615,1.74E-08,6.62E-06
22.625,1.74E-08,6.39E-06
22.635,1.74E-08,6.77E-06
22.645,1.76E-08,6.90E-06
22.655,1.75E-08,6.95E-06
22.665,1.73E-08,6.82E-06
22.675,1.74E-08,6.68E-06
22.685,1.73E-08,6.82E-06
22.695,1.73E-08,6.84E-06
22.705,1.74E-08,6.88E-06
22.715,1.74E-08,6.94E-06
22.725,1.78E-08,6.98E-06
22.735,1.79E-08,7.05E-06
22.745,1.78E-08,7.07E-06
22.755,1.78E-08,7.05E-06
22.765,1.75E-08,6.98E-06
22.775,1.72E-08,6.86E-06
22.785,1.70E-08,6.72E-06
22.795,1.66E-08,6.62E-06
22.805,1.65E-08,6.47E-06
22.815,1.63E-08,6.40E-06
22.825,1.62E-08,6.46E-06
22.835,1.65E-08,6.48E-06
22.845,1.68E-08,6.53E-06
22.855,1.67E-08,6.52E-06
22.865,1.57E-08,6.38E-06
22.875,1.62E-08,6.60E-06
22.885,1.70E-08,6.66E-06
22.895,1.74E-08,6.69E-06
22.905,1.75E-08,6.63E-06
22.915,1.82E-08,6.66E-06
22.925,1.86E-08,6.72E-06
22.935,1.85E-08,6.61E-06
22.945,1.86E-08,6.59E-06
22.955,1.84E-08,6.43E-06
22.965,1.82E-08,6.27E-06
22.975,1.78E-08,6.16E-06
22.985,1.72E-08,6.01E-06
22.995,1.69E-08,5.98E-06
23.005,1.66E-08,6.05E-06
23.015,1.64E-08,6.08E-06
23.025,1.60E-08,5.89E-06